Feature,Coefficient
monthly_message_count,0.6402564201846928
avg_length,-0.0011502978224705181
avg_word_count,0.01417736742466907
